field_id,contrib_decline,contrib_rise,field_name,pattern
27,0.0013588160952061456,0.0097235524196824,Medicine,两段同升
33,-0.0033137590235254445,0.0035099524381931,Social Sciences,镜像(降→升)
13,0.00040391079972323083,0.0024119922950074,"Biochemistry, Genetics and Molecular Biology",两段同升
11,-0.0004055605964568276,0.0023840750216695,Agricultural and Biological Sciences,镜像(降→升)
14,-0.0013202594074961656,0.0020323676620736,"Business, Management and Accounting",镜像(降→升)
17,-0.0019062615571612043,0.001742370745172,Computer Science,镜像(降→升)
23,-0.0012496910409487258,0.001123594796831,Environmental Science,镜像(降→升)
36,-0.0017797388579652545,0.0011140615866174,Health Professions,镜像(降→升)
20,-0.000714910509486511,0.0010542599072206,"Economics, Econometrics and Finance",镜像(降→升)
28,-0.00048428510737753464,0.0009464755586112,Neuroscience,镜像(降→升)
24,4.0497555324633285e-06,0.0009069780786239,Immunology and Microbiology,两段同升
30,-0.00039347799336332426,0.0008768335274647,"Pharmacology, Toxicology and Pharmaceutics",镜像(降→升)
32,-0.0010787525187237296,0.0007588290900626,Psychology,镜像(降→升)
29,-0.0005315718032970861,0.0004934481183421,Nursing,镜像(降→升)
18,-0.0011447685263480624,0.0004595332695608,Decision Sciences,镜像(降→升)
35,1.7869544204717827e-05,0.0004089842841997,Dentistry,两段同升
34,-0.00021141493392075417,0.0001872969152611,Veterinary,镜像(降→升)
26,-0.002223444044638015,0.000183285368606,Mathematics,镜像(降→升)
15,-0.0009325741389261476,0.0001136041868854,Chemical Engineering,镜像(降→升)
12,-0.0042369444984472066,5.694789166559397e-05,Arts and Humanities,镜像(降→升)
16,-0.0018852890020974143,-0.000231662416379,Chemistry,两段同降
19,-0.0017635292827986333,-0.0002872635663541,Earth and Planetary Sciences,两段同降
31,-0.0015493164848583657,-0.0004461098787147,Physics and Astronomy,两段同降
21,-0.0020145285259066587,-0.000626436628615,Energy,两段同降
25,-0.001342455209906108,-0.0006423519194713,Materials Science,两段同降
22,-0.004660132207120804,-0.0017141533474988,Engineering,两段同降
