subfield,field_id,field_name,in_delta,out_delta
AI,11,Agricultural and Biological Sciences,0.1094727793918364,-0.052466403552838714
AI,12,Arts and Humanities,-0.8808963816159712,-1.1341630864488976
AI,13,"Biochemistry, Genetics and Molecular Biology",-0.8784727702228823,-0.9025105244111744
AI,14,"Business, Management and Accounting",-0.7556448439824495,0.1319069070772012
AI,15,Chemical Engineering,-0.0141458769004581,-0.014373116603278488
AI,16,Chemistry,-0.3762882348689134,-0.3691688671386886
AI,18,Decision Sciences,-0.9199267176146976,-0.7396019374776817
AI,19,Earth and Planetary Sciences,-0.659029894469632,-0.2536564724571928
AI,20,"Economics, Econometrics and Finance",-0.6065400903268137,-0.13842694082374907
AI,21,Energy,0.8811125316744808,0.9484426128233373
AI,22,Engineering,2.940033815047265,2.025889260262712
AI,23,Environmental Science,1.3273902765079866,1.0588181829852683
AI,24,Immunology and Microbiology,0.0423187433855391,0.004996964983008209
AI,25,Materials Science,0.2242969477856955,0.17442757560286082
AI,26,Mathematics,-1.7768983318919744,-2.3945525475872094
AI,27,Medicine,3.5299809336773578,3.235096496123517
AI,28,Neuroscience,-0.2919211755438295,-0.46621241126783275
AI,29,Nursing,0.0124258175839886,0.017702789034476307
AI,30,"Pharmacology, Toxicology and Pharmaceutics",0.0117497619083894,0.024831441687383222
AI,31,Physics and Astronomy,-1.6476729178658935,-1.9312899649963633
AI,32,Psychology,-1.3237369842162447,-1.164348797765168
AI,33,Social Sciences,0.3862169862979714,1.3209705951922306
AI,34,Veterinary,0.0120106845163115,0.0007405925910100412
AI,35,Dentistry,0.0671747217018455,0.04367630995928986
AI,36,Health Professions,0.5869902200410906,0.5732713422077851
Statistics,11,Agricultural and Biological Sciences,-0.1012400639006791,-0.44070979536273813
Statistics,12,Arts and Humanities,-0.0432142280370371,-0.1063620268359422
Statistics,13,"Biochemistry, Genetics and Molecular Biology",-0.1128222950528972,0.08197736663953492
Statistics,14,"Business, Management and Accounting",0.0166508652291303,-0.007712551059775308
Statistics,15,Chemical Engineering,-0.0030408512093883,-0.012308264845363348
Statistics,16,Chemistry,-0.2567804614357583,-0.2876316244082425
Statistics,17,Computer Science,-1.6159865905159574,-0.2755649277278813
Statistics,18,Decision Sciences,-0.7159998439538109,0.9095304180656996
Statistics,19,Earth and Planetary Sciences,0.1102458604229094,-0.01884285879189851
Statistics,20,"Economics, Econometrics and Finance",-2.13762697518489,-0.06763726255599245
Statistics,21,Energy,0.1260585498115178,0.00472333751217674
Statistics,22,Engineering,0.7771490067380356,0.9360352166378672
Statistics,23,Environmental Science,0.6491259811061996,-0.010353944503774581
Statistics,24,Immunology and Microbiology,0.0544453334814435,0.02522532430213864
Statistics,25,Materials Science,0.0298779484397413,0.07010796761181187
Statistics,27,Medicine,3.0409283203924584,0.5541086807823756
Statistics,28,Neuroscience,-0.0483782658192204,-0.9181341791661195
Statistics,29,Nursing,0.0686367559114497,0.003001648070478785
Statistics,30,"Pharmacology, Toxicology and Pharmaceutics",-0.0919622788815143,-0.0671905610343091
Statistics,31,Physics and Astronomy,-0.3132152781000719,-0.1905605031886517
Statistics,32,Psychology,-0.018913340483559,-0.9321386496075306
Statistics,33,Social Sciences,0.2604283081514182,0.7504861235200835
Statistics,34,Veterinary,0.0209688631388968,-0.025717485009788002
Statistics,35,Dentistry,0.0397669133311666,-0.013738272005176709
Statistics,36,Health Professions,0.2648977664204182,0.039406822961013166
