subfield_id,RI_base,RI_end,delta_RI,field_id,subfield_name,field_name,rank_delta,quadrant,established_rank
1702,0.9979205955212611,0.9818634779019864,-0.016057117619274752,17,Artificial Intelligence,Computer Science,216,established,1
2613,0.9243331533235383,0.9239568031525646,-0.00037635017097370493,26,Statistics and Probability,Mathematics,193,established,2
2213,0.9386835245366869,0.8993383825861431,-0.03934514195054384,22,"Safety, Risk, Reliability and Quality",Engineering,235,established,3
1207,0.9139373900811927,0.8990541852018819,-0.01488320487931083,12,History and Philosophy of Science,Arts and Humanities,214,established,4
2203,1.0121697507058216,0.8868494708209744,-0.12532027988484717,22,Automotive Engineering,Engineering,251,established,5
1206,0.8955423007365636,0.8367980931143785,-0.05874420762218513,12,Conservation,Arts and Humanities,242,established,6
2215,0.8925574753574609,0.8315605657176544,-0.06099690963980653,22,Building and Construction,Engineering,246,established,7
1804,0.8596630326032729,0.8173904235743521,-0.04227260902892083,18,"Statistics, Probability and Uncertainty",Decision Sciences,237,established,8
2207,0.7683646103832151,0.7931373849372708,0.024772774554055688,22,Control and Systems Engineering,Engineering,136,established,9
3109,0.8001165551232233,0.7905522375918519,-0.009564317531371436,31,Statistical and Nonlinear Physics,Physics and Astronomy,206,established,10
2216,0.756728091606194,0.7819269482870429,0.02519885668084887,22,Architecture,Engineering,134,established,11
3614,0.7376134779033917,0.7515042476392748,0.013890769735883102,36,Radiological and Ultrasound Technology,Health Professions,163,established,12
1204,0.7528071099972751,0.7489404008229968,-0.0038667091742782267,12,Archeology,Arts and Humanities,199,established,13
2200,0.8927230942099771,0.7250227022592319,-0.16770039195074515,22,General Engineering,Engineering,252,established,14
2204,0.7337511733343296,0.7184507639257213,-0.015300409408608329,22,Biomedical Engineering,Engineering,215,established,15
1711,0.7263524916063916,0.7179505255614431,-0.008401966044948472,17,Signal Processing,Computer Science,203,established,16
2308,0.7394659233834336,0.7117820528333229,-0.02768387055011079,23,"Management, Monitoring, Policy and Law",Environmental Science,225,established,17
1602,0.7579466984130685,0.7088915902847585,-0.04905510812831004,16,Analytical Chemistry,Chemistry,240,established,18
3207,0.6844246768533394,0.7075617441706382,0.02313706731729881,32,Social Psychology,Psychology,143,established,19
2212,0.7421189711961006,0.7056797408208969,-0.03643923037520369,22,Ocean Engineering,Engineering,231,established,20
3304,0.6771189569796747,0.6954719888153946,0.018353031835719902,33,Education,Social Sciences,154,established,21
1607,0.6860082512075225,0.6864345887355287,0.00042633752800613767,16,Spectroscopy,Chemistry,190,established,22
1211,0.6545840782236683,0.6679008104830234,0.013316732259355146,12,Philosophy,Arts and Humanities,165,established,23
1405,0.6349991347278984,0.6608392045929221,0.02584006986502374,14,Management of Technology and Innovation,"Business, Management and Accounting",133,established,24
2214,0.6790155645357723,0.6583770734496188,-0.020638491086153454,22,Media Technology,Engineering,221,established,25
2305,0.6422503534882931,0.656508182443999,0.014257828955705931,23,Environmental Engineering,Environmental Science,161,established,26
2304,0.6331680024807025,0.6515141596797498,0.018346157199047308,23,Environmental Chemistry,Environmental Science,155,established,27
1709,0.6328271355410426,0.6509132264237649,0.018086090882722283,17,Human-Computer Interaction,Computer Science,156,established,28
2311,0.6429263155183954,0.645055839314661,0.002129523796265631,23,Industrial and Manufacturing Engineering,Environmental Science,187,established,29
2502,0.6797794449856778,0.640783849872271,-0.03899559511340678,25,Biomaterials,Materials Science,234,established,30
1707,0.6283196855084049,0.6343110657357559,0.0059913802273510175,17,Computer Vision and Pattern Recognition,Computer Science,181,established,31
3205,0.6078437741693506,0.6299574899240413,0.022113715754690677,32,Experimental and Cognitive Psychology,Psychology,144,established,32
2718,0.6673031302332069,0.6266017592636819,-0.040701370969524975,27,Health Informatics,Medicine,236,established,33
2202,0.6385661839131158,0.6189902156359262,-0.01957596827718966,22,Aerospace Engineering,Engineering,219,established,34
2614,0.5977931015677536,0.6181432795610253,0.020350177993271767,26,Theoretical Computer Science,Mathematics,147,established,35
3607,0.5937320116351522,0.6175955644386264,0.023863552803474186,36,Medical Laboratory Technology,Health Professions,140,established,36
3318,0.6302489253539294,0.616579168752668,-0.013669756601261351,33,Gender Studies,Social Sciences,213,established,37
2210,0.6748280091424276,0.6145199567710391,-0.060308052371388476,22,Mechanical Engineering,Engineering,245,established,38
1606,0.6136775353823749,0.6144582359093128,0.0007807005269379053,16,Physical and Theoretical Chemistry,Chemistry,189,established,39
3314,0.614130393569603,0.6120955182579041,-0.0020348753116988805,33,Anthropology,Social Sciences,196,established,40
3500,0.5993992361072643,0.6120450781891043,0.012645842081839942,35,General Dentistry,Dentistry,167,established,41
2205,0.6550669460407031,0.6096426038123797,-0.04542434222832348,22,Civil and Structural Engineering,Engineering,239,established,42
3103,0.6139587905056169,0.6062937257219568,-0.007665064783660025,31,Astronomy and Astrophysics,Physics and Astronomy,202,established,43
2312,0.68937916037723,0.6061471609231011,-0.08323199945412896,23,Water Science and Technology,Environmental Science,249,established,44
3605,0.5982982385247806,0.5963933365444534,-0.0019049019803272227,36,Health Information Management,Health Professions,195,established,45
3204,0.5767224363190796,0.592243845518787,0.015521409199707348,32,Developmental and Educational Psychology,Psychology,159,established,46
3608,0.5952600524071463,0.5861636898284418,-0.009096362578704498,36,Medical Terminology,Health Professions,204,established,47
3313,0.6447731556423079,0.585925449487077,-0.05884770615523083,33,Transportation,Social Sciences,243,established,48
2211,0.5808686546711568,0.5776016760621562,-0.0032669786090006037,22,Mechanics of Materials,Engineering,197,established,49
3302,0.620217100931249,0.5759345105470832,-0.04428259038416582,33,Archeology,Social Sciences,238,established,50
