subfield_id,RI_base,RI_end,delta_RI,field_id,subfield_name,field_name,rank_delta,quadrant
2725,0.49684054600820754,0.6678114102771644,0.17097086426895686,27,Infectious Diseases,Medicine,1,core_driver
1403,0.6002395092881971,0.7368454247414997,0.13660591545330258,14,Business and International Management,"Business, Management and Accounting",2,core_driver
1708,0.3579309491780911,0.4833293718066683,0.1253984226285772,17,Hardware and Architecture,Computer Science,3,riser
2003,0.47582146750298143,0.5964907614633714,0.12066929396039,20,Finance,"Economics, Econometrics and Finance",4,core_driver
3002,0.43785091191702324,0.5497229241735275,0.11187201225650428,30,Drug Discovery,"Pharmacology, Toxicology and Pharmaceutics",5,riser
3320,0.6736752102479586,0.7791594620340236,0.10548425178606502,33,Political Science and International Relations,Social Sciences,6,core_driver
2307,0.8658642771256413,0.9707938709799426,0.10492959385430134,23,"Health, Toxicology and Mutagenesis",Environmental Science,7,core_driver
2712,0.4831772358955405,0.586250898633265,0.10307366273772445,27,"Endocrinology, Diabetes and Metabolism",Medicine,8,core_driver
1104,0.4022726512483206,0.5035069441497299,0.10123429290140923,11,Aquatic Science,Agricultural and Biological Sciences,9,riser
1107,0.501981878449371,0.6019878846427932,0.10000600619342215,11,Forestry,Agricultural and Biological Sciences,10,core_driver
3322,0.6941079318807077,0.7856381957666484,0.09153026388594065,33,Urban Studies,Social Sciences,11,core_driver
2741,0.6288599794257105,0.7196174772330551,0.09075749780734466,27,"Radiology, Nuclear Medicine and Imaging",Medicine,12,core_driver
1408,0.4868886009366535,0.5773555927107639,0.09046699177411038,14,Strategy and Management,"Business, Management and Accounting",13,core_driver
1404,0.5097320490400566,0.5999954186853341,0.09026336964527748,14,Management Information Systems,"Business, Management and Accounting",14,core_driver
1706,0.48659683715076796,0.5757514146889566,0.08915457753818867,17,Computer Science Applications,Computer Science,15,core_driver
2739,0.7462650066434826,0.8338013658781949,0.08753635923471226,27,"Public Health, Environmental and Occupational Health",Medicine,16,core_driver
2705,0.5719383653648606,0.6594276247492943,0.08748925938443364,27,Cardiology and Cardiovascular Medicine,Medicine,17,core_driver
2735,0.6251172781821682,0.7105061569167987,0.08538887873463052,27,"Pediatrics, Perinatology and Child Health",Medicine,18,core_driver
2742,0.5938898510109296,0.677733554028797,0.08384370301786737,27,Rehabilitation,Medicine,19,core_driver
2737,0.5537013160937395,0.6374458221391499,0.0837445060454104,27,Physiology,Medicine,20,core_driver
2728,0.4059590178001247,0.48953977168826945,0.08358075388814473,27,Neurology,Medicine,21,riser
2402,0.37599552169380396,0.4569867490574126,0.08099122736360864,24,Applied Microbiology and Biotechnology,Immunology and Microbiology,22,riser
2723,0.3587816337055526,0.4396495026515103,0.08086786894595771,27,Immunology and Allergy,Medicine,23,riser
1710,0.7351104418938935,0.8154966165588682,0.08038617466497466,17,Information Systems,Computer Science,24,core_driver
2713,0.5834620659355255,0.6613880734415546,0.07792600750602907,27,Epidemiology,Medicine,25,core_driver
3319,0.46079526837272783,0.5382327846072729,0.07743751623454503,33,Life-span and Life-course Studies,Social Sciences,26,riser
2209,0.5657633049455805,0.6410037111376529,0.0752404061920724,22,Industrial and Manufacturing Engineering,Engineering,27,core_driver
2708,0.620355409737578,0.6954663161454885,0.07511090640791052,27,Dermatology,Medicine,28,core_driver
2743,0.45453285473986277,0.5282754847580875,0.07374263001822473,27,Reproductive Medicine,Medicine,29,riser
2000,0.45781478509406104,0.531407823632342,0.07359303853828092,20,"General Economics, Econometrics and Finance","Economics, Econometrics and Finance",30,riser
1303,0.48191138505131437,0.5554973070209726,0.07358592196965819,13,Biochemistry,"Biochemistry, Genetics and Molecular Biology",31,riser
2736,0.5985716497289807,0.6715893447691125,0.07301769504013178,27,Pharmacology,Medicine,32,core_driver
2729,0.5456859950158254,0.6174848902115462,0.0717988951957208,27,Obstetrics and Gynecology,Medicine,33,core_driver
3315,0.5448328387248985,0.6166041705855075,0.07177133186060902,33,Communication,Social Sciences,34,core_driver
2706,0.6194789074477252,0.6909441526925314,0.07146524524480624,27,Critical Care and Intensive Care Medicine,Medicine,35,core_driver
2002,0.7095210603196982,0.7809322244406326,0.0714111641209344,20,Economics and Econometrics,"Economics, Econometrics and Finance",36,core_driver
2730,0.4388647911092101,0.5101520006644098,0.07128720955519968,27,Oncology,Medicine,37,riser
1406,0.5918095546087084,0.6623140874951376,0.07050453288642922,14,Marketing,"Business, Management and Accounting",38,core_driver
3308,0.7850848050890846,0.8547434915826005,0.06965868649351592,33,Law,Social Sciences,39,core_driver
3311,0.7394190261044435,0.808387228124039,0.06896820201959541,33,Safety Research,Social Sciences,40,core_driver
1803,0.6748551543621755,0.7432646681173817,0.06840951375520621,18,Management Science and Operations Research,Decision Sciences,41,core_driver
2731,0.5011495536396945,0.5674502738809399,0.06630072024124545,27,Ophthalmology,Medicine,42,riser
2707,0.6116571231488483,0.67768503337133,0.06602791022248167,27,Complementary and alternative medicine,Medicine,43,core_driver
3603,0.43729752875946776,0.5018561718062946,0.06455864304682685,36,Complementary and Manual Therapy,Health Professions,44,riser
1315,0.44570231578119973,0.5091490746351538,0.06344675885395407,13,Structural Biology,"Biochemistry, Genetics and Molecular Biology",45,riser
3506,0.40821245509494763,0.47134560873081194,0.0631331536358643,35,Periodontics,Dentistry,46,riser
3300,0.7838129078499075,0.8468091371407936,0.06299622929088611,33,General Social Sciences,Social Sciences,47,core_driver
2734,0.5146352689095324,0.5762460288686272,0.06161075995909482,27,Pathology and Forensic Medicine,Medicine,48,core_driver
2809,0.5820244565979417,0.6425180853717839,0.060493628773842234,28,Sensory Systems,Neuroscience,49,core_driver
2724,0.552535103502792,0.6127664099528131,0.06023130645002106,27,Internal Medicine,Medicine,50,core_driver
3305,0.7669100776295531,0.8264766583485131,0.05956658071896004,33,"Geography, Planning and Development",Social Sciences,51,core_driver
1108,0.40218188341558253,0.46125967696760506,0.05907779355202253,11,Horticulture,Agricultural and Biological Sciences,52,riser
2747,0.48236360404472506,0.5409941966728601,0.058630592628135025,27,Transplantation,Medicine,53,riser
2720,0.40233361353679703,0.46039203001812934,0.05805841648133231,27,Hematology,Medicine,54,riser
1102,0.518964345830275,0.576606722859974,0.0576423770296991,11,Agronomy and Crop Science,Agricultural and Biological Sciences,55,core_driver
1103,0.5645750529434189,0.621510444783929,0.05693539184051011,11,Animal Science and Zoology,Agricultural and Biological Sciences,56,core_driver
2302,0.5608995575068889,0.6177778635920234,0.056878306085134445,23,Ecological Modeling,Environmental Science,57,core_driver
1110,0.5539386791418797,0.6107678810835626,0.05682920194168295,11,Plant Science,Agricultural and Biological Sciences,58,core_driver
1109,0.5267453076162016,0.5832345047981765,0.05648919718197487,11,Insect Science,Agricultural and Biological Sciences,59,core_driver
2916,0.4960331400952489,0.5518660798056279,0.05583293971037895,29,Nutrition and Dietetics,Nursing,60,riser
2306,0.6078329241871666,0.6635376254762366,0.05570470128907001,23,Global and Planetary Change,Environmental Science,61,core_driver
3306,0.46597225115168783,0.5215473643241434,0.05557511317245556,33,Health,Social Sciences,62,riser
3303,0.5506835255085378,0.6062227563464824,0.05553923083794454,33,Development,Social Sciences,63,core_driver
2702,0.6811722155530587,0.7365601863530371,0.05538797079997837,27,Anatomy,Medicine,64,core_driver
2404,0.4292231489274834,0.48455044474090164,0.05532729581341822,24,Microbiology,Immunology and Microbiology,65,riser
3616,0.5477470264895041,0.6028278655151602,0.05508083902565608,36,Speech and Hearing,Health Professions,66,core_driver
2406,0.3110524582657848,0.3657080923709444,0.05465563410515961,24,Virology,Immunology and Microbiology,67,riser
1311,0.5160675006179092,0.5706736633004112,0.05460616268250207,13,Genetics,"Biochemistry, Genetics and Molecular Biology",68,riser
3309,0.4435232226459726,0.4973151479304461,0.05379192528447352,33,Library and Information Sciences,Social Sciences,69,riser
2746,0.5940703160954742,0.6474797737976998,0.053409457702225605,27,Surgery,Medicine,70,core_driver
1802,0.5128056407619139,0.565848951803391,0.05304331104147708,18,Information Systems and Management,Decision Sciences,71,riser
1504,0.8044963553565238,0.8566440435084524,0.052147688151928606,15,Chemical Health and Safety,Chemical Engineering,72,core_driver
3604,0.47130907084211404,0.5233414361923587,0.05203236535024469,36,Emergency Medical Services,Health Professions,73,riser
1312,0.5938021754473629,0.645701576112557,0.05189940066519405,13,Molecular Biology,"Biochemistry, Genetics and Molecular Biology",74,core_driver
3317,0.6920886565726535,0.7437992046766259,0.051710548103972354,33,Demography,Social Sciences,75,core_driver
2717,0.5729696630104303,0.6239181939474061,0.05094853093697582,27,Geriatrics and Gerontology,Medicine,76,core_driver
3202,0.5440004418183236,0.5946645766498084,0.0506641348314848,32,Applied Psychology,Psychology,77,core_driver
2611,0.6735594191400754,0.72421766821798,0.050658249077904505,26,Modeling and Simulation,Mathematics,78,core_driver
1704,0.4852328248222941,0.5354210013811139,0.05018817655881985,17,Computer Graphics and Computer-Aided Design,Computer Science,79,riser
1402,0.33915303025300764,0.38906570287315534,0.0499126726201477,14,Accounting,"Business, Management and Accounting",80,riser
3005,0.526935508865043,0.576415014060881,0.04947950519583799,30,Toxicology,"Pharmacology, Toxicology and Pharmaceutics",81,core_driver
2721,0.48062228819064207,0.5300738184643565,0.04945153027371446,27,Hepatology,Medicine,82,riser
1304,0.6366781277221155,0.6858546365058021,0.04917650878368662,13,Biophysics,"Biochemistry, Genetics and Molecular Biology",83,core_driver
1310,0.44152379701699074,0.49030068568140933,0.048776888664418594,13,Endocrinology,"Biochemistry, Genetics and Molecular Biology",84,riser
2310,0.7722939606063396,0.8207270199533715,0.048433059347031904,23,Pollution,Environmental Science,85,core_driver
1313,0.5508795128424349,0.5989609455474176,0.048081432704982774,13,Molecular Medicine,"Biochemistry, Genetics and Molecular Biology",86,core_driver
1703,0.7139679722070529,0.7609954163161238,0.04702744410907089,17,Computational Theory and Mathematics,Computer Science,87,core_driver
2303,0.6069297987059667,0.6538819670281822,0.04695216832221549,23,Ecology,Environmental Science,88,core_driver
2738,0.45080499115006617,0.4973938225386596,0.04658883138859343,27,Psychiatry and Mental health,Medicine,89,riser
2309,0.4273310954752349,0.4737615154321393,0.04643041995690439,23,Nature and Landscape Conservation,Environmental Science,90,riser
3321,0.4774065561631276,0.5236293936840446,0.04622283752091699,33,Public Administration,Social Sciences,91,riser
3203,0.4241569429333749,0.46915145654667617,0.04499451361330126,32,Clinical Psychology,Psychology,92,riser
2727,0.5126430742103116,0.5567256135984003,0.044082539388088704,27,Nephrology,Medicine,93,riser
2714,0.5525031918841683,0.5961497975691036,0.04364660568493528,27,Family Practice,Medicine,94,core_driver
1407,0.527752931986238,0.5713579122065554,0.043604980220317446,14,Organizational Behavior and Human Resource Management,"Business, Management and Accounting",95,riser
3316,0.7351580298349544,0.7786903793714065,0.04353234953645213,33,Cultural Studies,Social Sciences,96,core_driver
1605,0.616383679761539,0.6589171441888385,0.04253346442729955,16,Organic Chemistry,Chemistry,97,core_driver
2711,0.6909781259727146,0.7329686716221337,0.041990545649419175,27,Emergency Medicine,Medicine,98,core_driver
1705,0.5715702242223171,0.6123249220183629,0.04075469779604579,17,Computer Networks and Communications,Computer Science,99,core_driver
1308,0.37021688582003764,0.4109610408847943,0.04074415506475665,13,Clinical Biochemistry,"Biochemistry, Genetics and Molecular Biology",100,riser
1309,0.5335732184778973,0.5742228862437295,0.04064966776583223,13,Developmental Biology,"Biochemistry, Genetics and Molecular Biology",101,core_driver
2732,0.5588874029534587,0.5993917111328203,0.04050430817936157,27,Orthopedics and Sports Medicine,Medicine,102,core_driver
2740,0.678403266029893,0.7186677239634874,0.040264457933594455,27,Pulmonary and Respiratory Medicine,Medicine,103,core_driver
2804,0.4588362698540443,0.4980504930434938,0.039214223189449504,28,Cellular and Molecular Neuroscience,Neuroscience,104,riser
3609,0.42394306710080076,0.4624068468770075,0.03846377977620674,36,Occupational Therapy,Health Professions,105,riser
3307,0.6313630209498569,0.6694965102206899,0.03813348927083304,33,Human Factors and Ergonomics,Social Sciences,106,core_driver
1305,0.5258581703852826,0.5638260510927847,0.03796788070750212,13,Biotechnology,"Biochemistry, Genetics and Molecular Biology",107,riser
2716,0.3788490514858236,0.4166248879781015,0.03777583649227789,27,Genetics,Medicine,108,riser
1911,0.5952130629418779,0.6328468022571095,0.03763373931523162,19,Paleontology,Earth and Planetary Sciences,109,core_driver
1800,0.5669186795871411,0.6035408477487098,0.0366221681615686,18,General Decision Sciences,Decision Sciences,110,core_driver
1100,0.6450610547279207,0.6800703218408939,0.03500926711297314,11,General Agricultural and Biological Sciences,Agricultural and Biological Sciences,111,core_driver
2508,0.44860219443733246,0.4829542029396841,0.03435200850235165,25,"Surfaces, Coatings and Films",Materials Science,112,riser
2745,0.5269653207535118,0.5609551710898735,0.033989850336361704,27,Rheumatology,Medicine,113,riser
3404,0.4711775705608749,0.5050964760404202,0.03391890547954529,34,Small Animals,Veterinary,114,riser
2807,0.35149310263598044,0.3843628783924786,0.03286977575649819,28,Endocrine and Autonomic Systems,Neuroscience,115,riser
1106,0.7682833694765919,0.8010165500088213,0.0327331805322294,11,Food Science,Agricultural and Biological Sciences,116,core_driver
1506,0.5205213061119328,0.5529300444361147,0.032408738324181896,15,Filtration and Separation,Chemical Engineering,117,riser
3312,0.8011666812918771,0.8330372373902414,0.03187055609836431,33,Sociology and Political Science,Social Sciences,118,core_driver
2206,0.7099082212043291,0.7409850594574203,0.031076838253091266,22,Computational Mechanics,Engineering,119,core_driver
2911,0.4751993768604688,0.5058071686892989,0.030607791828830055,29,Leadership and Management,Nursing,120,riser
3003,0.5466628564286681,0.5768954589794572,0.03023260255078908,30,Pharmaceutical Science,"Pharmacology, Toxicology and Pharmaceutics",121,core_driver
2805,0.5575668082754058,0.5873159862929459,0.029749178017540068,28,Cognitive Neuroscience,Neuroscience,122,core_driver
3004,0.4949136798946945,0.5242916088126788,0.029377928917984297,30,Pharmacology,"Pharmacology, Toxicology and Pharmaceutics",123,riser
2703,0.5337442436352494,0.5628055791459552,0.029061335510705777,27,Anesthesiology and Pain Medicine,Medicine,124,riser
1105,0.5408665820759954,0.5696879634914299,0.028821381415434555,11,"Ecology, Evolution, Behavior and Systematics",Agricultural and Biological Sciences,125,riser
2608,0.6065784574120069,0.6352809806501064,0.02870252323809952,26,Geometry and Topology,Mathematics,126,core_driver
2802,0.3877424779946859,0.4159807084742855,0.028238230479599558,28,Behavioral Neuroscience,Neuroscience,127,stable_low
2403,0.3124693326332096,0.3398587127378633,0.027389380104653693,24,Immunology,Immunology and Microbiology,128,stable_low
1307,0.458400936220306,0.4857566429747975,0.027355706754491504,13,Cell Biology,"Biochemistry, Genetics and Molecular Biology",129,stable_low
1302,0.4354433978788298,0.462516675130826,0.02707327725199621,13,Aging,"Biochemistry, Genetics and Molecular Biology",130,stable_low
1209,0.5465677260796173,0.5732005351853586,0.026632809105741284,12,Museology,Arts and Humanities,131,stable_low
2604,0.5101844270902264,0.5362034917309947,0.026019064640768308,26,Applied Mathematics,Mathematics,132,stable_low
1405,0.6349991347278984,0.6608392045929221,0.02584006986502374,14,Management of Technology and Innovation,"Business, Management and Accounting",133,established
2216,0.756728091606194,0.7819269482870429,0.02519885668084887,22,Architecture,Engineering,134,established
1306,0.371135614417352,0.39623017366402935,0.02509455924667736,13,Cancer Research,"Biochemistry, Genetics and Molecular Biology",135,stable_low
2207,0.7683646103832151,0.7931373849372708,0.024772774554055688,22,Control and Systems Engineering,Engineering,136,established
3504,0.36744357585949505,0.3921355464399346,0.024691970580439537,35,Oral Surgery,Dentistry,137,stable_low
2748,0.5078382428045225,0.5324184924496129,0.024580249645090424,27,Urology,Medicine,138,stable_low
3200,0.5447985236648364,0.5690450697102754,0.024246546045438966,32,General Psychology,Psychology,139,stable_low
3607,0.5937320116351522,0.6175955644386264,0.023863552803474186,36,Medical Laboratory Technology,Health Professions,140,established
2922,0.34867182930906365,0.3723497372064905,0.023677907897426853,29,Research and Theory,Nursing,141,stable_low
1912,0.4763918095923672,0.4998094189879696,0.02341760939560239,19,Space and Planetary Science,Earth and Planetary Sciences,142,stable_low
3207,0.6844246768533394,0.7075617441706382,0.02313706731729881,32,Social Psychology,Psychology,143,established
3205,0.6078437741693506,0.6299574899240413,0.022113715754690677,32,Experimental and Cognitive Psychology,Psychology,144,established
2733,0.5383846776788633,0.5590373273323058,0.02065264965344249,27,Otorhinolaryngology,Medicine,145,stable_low
1202,0.48725681099857215,0.507694372992694,0.02043756199412189,12,History,Arts and Humanities,146,stable_low
2614,0.5977931015677536,0.6181432795610253,0.020350177993271767,26,Theoretical Computer Science,Mathematics,147,established
2806,0.32330167247402986,0.34288586755199874,0.01958419507796888,28,Developmental Neuroscience,Neuroscience,148,stable_low
3611,0.45089259130897763,0.47040459274059654,0.01951200143161891,36,Pharmacy,Health Professions,149,stable_low
1314,0.5088350443018608,0.5281987815280944,0.019363737226233635,13,Physiology,"Biochemistry, Genetics and Molecular Biology",150,stable_low
2808,0.3697819620879239,0.3890702231347051,0.019288261046781163,28,Neurology,Neuroscience,151,stable_low
3600,0.5405970701098419,0.5595542332630504,0.0189571631532085,36,General Health Professions,Health Professions,152,stable_low
1213,0.5241226986681116,0.5429779689141176,0.018855270246006084,12,Visual Arts and Performing Arts,Arts and Humanities,153,stable_low
3304,0.6771189569796747,0.6954719888153946,0.018353031835719902,33,Education,Social Sciences,154,established
2304,0.6331680024807025,0.6515141596797498,0.018346157199047308,23,Environmental Chemistry,Environmental Science,155,established
1709,0.6328271355410426,0.6509132264237649,0.018086090882722283,17,Human-Computer Interaction,Computer Science,156,established
1205,0.41664307560441355,0.43333320719917606,0.016690131594762514,12,Classics,Arts and Humanities,157,stable_low
1111,0.391095971616628,0.4071047873759945,0.016008815759366468,11,Soil Science,Agricultural and Biological Sciences,158,stable_low
3204,0.5767224363190796,0.592243845518787,0.015521409199707348,32,Developmental and Educational Psychology,Psychology,159,established
1409,0.5444338594512578,0.5587719471609384,0.014338087709680591,14,"Tourism, Leisure and Hospitality Management","Business, Management and Accounting",160,stable_low
2305,0.6422503534882931,0.656508182443999,0.014257828955705931,23,Environmental Engineering,Environmental Science,161,established
2910,0.39755883416123705,0.4117891205468349,0.014230286385597868,29,"Issues, ethics and legal aspects",Nursing,162,stable_low
3614,0.7376134779033917,0.7515042476392748,0.013890769735883102,36,Radiological and Ultrasound Technology,Health Professions,163,established
2704,0.44720928017326844,0.4610857747750755,0.013876494601807066,27,Biochemistry,Medicine,164,stable_low
1211,0.6545840782236683,0.6679008104830234,0.013316732259355146,12,Philosophy,Arts and Humanities,165,established
3402,0.36465002125328,0.37792993841954325,0.013279917166263255,34,Equine,Veterinary,166,stable_low
3500,0.5993992361072643,0.6120450781891043,0.012645842081839942,35,General Dentistry,Dentistry,167,established
2715,0.5548316212201667,0.5670871596881608,0.012255538467994098,27,Gastroenterology,Medicine,168,stable_low
1503,0.388585653882023,0.4003218221703481,0.011736168288325133,15,Catalysis,Chemical Engineering,169,stable_low
3206,0.42152107314051296,0.4320686170743709,0.010547543933857928,32,Neuropsychology and Physiological Psychology,Psychology,170,stable_low
1208,0.38255838939851466,0.39307322513178816,0.010514835733273498,12,Literature and Literary Theory,Arts and Humanities,171,stable_low
2612,0.3887281521473569,0.3991565939357753,0.010428441788418397,26,Numerical Analysis,Mathematics,172,stable_low
2405,0.38721590414943,0.397410842575837,0.010194938426406952,24,Parasitology,Immunology and Microbiology,173,stable_low
2726,0.3686968958779764,0.3788050949473846,0.010108199069408241,27,Microbiology,Medicine,174,stable_low
2607,0.3388918621369937,0.3486019449862207,0.00971008284922703,26,Discrete Mathematics and Combinatorics,Mathematics,175,stable_low
2602,0.32033963737964766,0.32983116544053,0.009491528060882326,26,Algebra and Number Theory,Mathematics,176,stable_low
2803,0.40502554747043,0.414099895898794,0.009074348428363965,28,Biological Psychiatry,Neuroscience,177,stable_low
2100,0.500103152522267,0.5072415379129076,0.0071383853906406,21,General Energy,Energy,178,stable_low
1712,0.5262740706015441,0.532823617643376,0.006549547041831971,17,Software,Computer Science,179,stable_low
2208,0.5506677077377699,0.556728384269812,0.00606067653204212,22,Electrical and Electronic Engineering,Engineering,180,stable_low
1707,0.6283196855084049,0.6343110657357559,0.0059913802273510175,17,Computer Vision and Pattern Recognition,Computer Science,181,established
3612,0.35451596055795687,0.3599016306214626,0.00538567006350571,36,"Physical Therapy, Sports Therapy and Rehabilitation",Health Professions,182,stable_low
3104,0.4081330334882579,0.41290315572285424,0.00477012223459633,31,Condensed Matter Physics,Physics and Astronomy,183,stable_low
1910,0.39447486047524843,0.39770859125192404,0.003233730776675603,19,Oceanography,Earth and Planetary Sciences,184,stable_low
3505,0.5086107262135666,0.5112037995337547,0.0025930733201880996,35,Orthodontics,Dentistry,185,stable_low
1212,0.29955845551453036,0.3017617622507282,0.002203306736197841,12,Religious studies,Arts and Humanities,186,stable_low
2311,0.6429263155183954,0.645055839314661,0.002129523796265631,23,Industrial and Manufacturing Engineering,Environmental Science,187,established
3310,0.3023974339733562,0.30359823289914944,0.0012007989257932228,33,Linguistics and Language,Social Sciences,188,stable_low
1606,0.6136775353823749,0.6144582359093128,0.0007807005269379053,16,Physical and Theoretical Chemistry,Chemistry,189,established
1607,0.6860082512075225,0.6864345887355287,0.00042633752800613767,16,Spectroscopy,Chemistry,190,established
2610,0.47915013107632165,0.4793287194194503,0.00017858834312867167,26,Mathematical Physics,Mathematics,191,stable_low
1200,0.43681416595771044,0.4364603527139605,-0.00035381324374994527,12,General Arts and Humanities,Arts and Humanities,192,stable_low
2613,0.9243331533235383,0.9239568031525646,-0.00037635017097370493,26,Statistics and Probability,Mathematics,193,established
3108,0.5038925197691438,0.5026955604989454,-0.0011969592701984721,31,Radiation,Physics and Astronomy,194,stable_low
3605,0.5982982385247806,0.5963933365444534,-0.0019049019803272227,36,Health Information Management,Health Professions,195,established
3314,0.614130393569603,0.6120955182579041,-0.0020348753116988805,33,Anthropology,Social Sciences,196,established
2211,0.5808686546711568,0.5776016760621562,-0.0032669786090006037,22,Mechanics of Materials,Engineering,197,established
2507,0.415966475850255,0.41224967109791877,-0.0037168047523362113,25,Polymers and Plastics,Materials Science,198,stable_low
1204,0.7528071099972751,0.7489404008229968,-0.0038667091742782267,12,Archeology,Arts and Humanities,199,established
1210,0.46674371001727766,0.4627979092783413,-0.003945800738936356,12,Music,Arts and Humanities,200,stable_low
3107,0.4891340177501397,0.4825082282086377,-0.006625789541502003,31,"Atomic and Molecular Physics, and Optics",Physics and Astronomy,201,stable_low
3103,0.6139587905056169,0.6062937257219568,-0.007665064783660025,31,Astronomy and Astrophysics,Physics and Astronomy,202,established
1711,0.7263524916063916,0.7179505255614431,-0.008401966044948472,17,Signal Processing,Computer Science,203,established
3608,0.5952600524071463,0.5861636898284418,-0.009096362578704498,36,Medical Terminology,Health Professions,204,established
1410,0.32504269598438923,0.31566272665266987,-0.009379969331719362,14,Industrial relations,"Business, Management and Accounting",205,stable_low
3109,0.8001165551232233,0.7905522375918519,-0.009564317531371436,31,Statistical and Nonlinear Physics,Physics and Astronomy,206,established
2104,0.3625258509041491,0.3522102443139454,-0.010315606590203752,21,Nuclear Energy and Engineering,Energy,207,stable_low
2505,0.5230513735109418,0.511766698453802,-0.011284675057139815,25,Materials Chemistry,Materials Science,208,stable_low
1508,0.48415368720340995,0.47243225814100265,-0.011721429062407307,15,Process Chemistry and Technology,Chemical Engineering,209,stable_low
1203,0.3844659035092397,0.3719598601979716,-0.012506043311268089,12,Language and Linguistics,Arts and Humanities,210,stable_low
3105,0.4862702873125254,0.47322665812655645,-0.013043629185968963,31,Instrumentation,Physics and Astronomy,211,stable_low
1908,0.5116951978234595,0.49806901488077865,-0.013626182942680864,19,Geophysics,Earth and Planetary Sciences,212,stable_low
3318,0.6302489253539294,0.616579168752668,-0.013669756601261351,33,Gender Studies,Social Sciences,213,established
1207,0.9139373900811927,0.8990541852018819,-0.01488320487931083,12,History and Philosophy of Science,Arts and Humanities,214,established
2204,0.7337511733343296,0.7184507639257213,-0.015300409408608329,22,Biomedical Engineering,Engineering,215,established
1702,0.9979205955212611,0.9818634779019864,-0.016057117619274752,17,Artificial Intelligence,Computer Science,216,established
1904,0.4573413876375021,0.4402554855306614,-0.01708590210684069,19,Earth-Surface Processes,Earth and Planetary Sciences,217,stable_low
3106,0.592192520778053,0.5732604842360726,-0.01893203654198039,31,Nuclear and High Energy Physics,Physics and Astronomy,218,stable_low
2202,0.6385661839131158,0.6189902156359262,-0.01957596827718966,22,Aerospace Engineering,Engineering,219,established
1604,0.5731213322317061,0.5529756797413821,-0.020145652490324073,16,Inorganic Chemistry,Chemistry,220,stable_low
2214,0.6790155645357723,0.6583770734496188,-0.020638491086153454,22,Media Technology,Engineering,221,established
2503,0.3187961921226303,0.29685883245206035,-0.021937359670569923,25,Ceramics and Composites,Materials Science,222,stable_low
1502,0.46040477238709676,0.43607049697920885,-0.024334275407887906,15,Bioengineering,Chemical Engineering,223,stable_low
1906,0.49231950915956335,0.4679526168387562,-0.024366892320807132,19,Geochemistry and Petrology,Earth and Planetary Sciences,224,stable_low
2308,0.7394659233834336,0.7117820528333229,-0.02768387055011079,23,"Management, Monitoring, Policy and Law",Environmental Science,225,established
2504,0.423446801045608,0.3953035354485363,-0.0281432655970717,25,"Electronic, Optical and Magnetic Materials",Materials Science,226,stable_low
1902,0.4833304856736223,0.4543994467628957,-0.028931038910726625,19,Atmospheric Science,Earth and Planetary Sciences,227,stable_low
2500,0.32541866763344235,0.2944362336048061,-0.030982434028636263,25,General Materials Science,Materials Science,228,stable_low
1507,0.391936462452537,0.3603278272535208,-0.03160863519901619,15,Fluid Flow and Transfer Processes,Chemical Engineering,229,stable_low
1603,0.5639584348888099,0.5310397640976914,-0.03291867079111854,16,Electrochemistry,Chemistry,230,stable_low
2212,0.7421189711961006,0.7056797408208969,-0.03643923037520369,22,Ocean Engineering,Engineering,231,established
2103,0.4517473628625476,0.41355595818463586,-0.03819140467791171,21,Fuel Technology,Energy,232,stable_low
2102,0.4094462423184341,0.3706549366686662,-0.03879130564976785,21,Energy Engineering and Power Technology,Energy,233,stable_low
2502,0.6797794449856778,0.640783849872271,-0.03899559511340678,25,Biomaterials,Materials Science,234,established
2213,0.9386835245366869,0.8993383825861431,-0.03934514195054384,22,"Safety, Risk, Reliability and Quality",Engineering,235,established
2718,0.6673031302332069,0.6266017592636819,-0.040701370969524975,27,Health Informatics,Medicine,236,established
1804,0.8596630326032729,0.8173904235743521,-0.04227260902892083,18,"Statistics, Probability and Uncertainty",Decision Sciences,237,established
3302,0.620217100931249,0.5759345105470832,-0.04428259038416582,33,Archeology,Social Sciences,238,established
2205,0.6550669460407031,0.6096426038123797,-0.04542434222832348,22,Civil and Structural Engineering,Engineering,239,established
1602,0.7579466984130685,0.7088915902847585,-0.04905510812831004,16,Analytical Chemistry,Chemistry,240,established
1907,0.5055910918887754,0.45292560996107506,-0.05266548192770032,19,Geology,Earth and Planetary Sciences,241,stable_low
1206,0.8955423007365636,0.8367980931143785,-0.05874420762218513,12,Conservation,Arts and Humanities,242,established
3313,0.6447731556423079,0.585925449487077,-0.05884770615523083,33,Transportation,Social Sciences,243,established
3102,0.4311963078666711,0.37103429305064234,-0.060162014816028786,31,Acoustics and Ultrasonics,Physics and Astronomy,244,stable_low
2210,0.6748280091424276,0.6145199567710391,-0.060308052371388476,22,Mechanical Engineering,Engineering,245,established
2215,0.8925574753574609,0.8315605657176544,-0.06099690963980653,22,Building and Construction,Engineering,246,established
2506,0.2801592504424277,0.2189946924524529,-0.06116455798997478,25,Metals and Alloys,Materials Science,247,stable_low
2105,0.6020520782562886,0.5243499793725341,-0.07770209888375446,21,"Renewable Energy, Sustainability and the Environment",Energy,248,stable_low
2312,0.68937916037723,0.6061471609231011,-0.08323199945412896,23,Water Science and Technology,Environmental Science,249,established
2605,0.5837510786517683,0.47477668571977005,-0.10897439293199829,26,Computational Mathematics,Mathematics,250,stable_low
2203,1.0121697507058216,0.8868494708209744,-0.12532027988484717,22,Automotive Engineering,Engineering,251,established
2200,0.8927230942099771,0.7250227022592319,-0.16770039195074515,22,General Engineering,Engineering,252,established
